label_predictions,label_probabilities,label_probability,label_probabilities_akiec,label_probabilities_bcc,label_probabilities_bkl,label_probabilities_df,label_probabilities_mel,label_probabilities_nv,label_probabilities_vasc
mel,"[5.29968888e-02 9.83170466e-05 1.10138336e-03 3.12355900e-04
 9.45388734e-01 3.92211405e-05 6.31706789e-05]",0.94538873,0.052996888756752014,9.831704664975405e-05,0.001101383357308805,0.0003123558999504894,0.9453887343406677,3.9221140468725935e-05,6.317067891359329e-05
mel,"[2.19933361e-01 4.59231262e-04 4.46426589e-03 9.29152071e-02
 6.67542875e-01 1.34957870e-02 1.18921197e-03]",0.6675429,0.21993336081504822,0.00045923126162961125,0.004464265890419483,0.09291520714759827,0.6675428748130798,0.013495787046849728,0.0011892119655385613
akiec,"[8.14963400e-01 4.24008165e-03 1.53189629e-01 1.93019919e-02
 3.31785972e-03 1.77569120e-04 4.80939820e-03]",0.8149634,0.8149634003639221,0.004240081645548344,0.15318962931632996,0.019301991909742355,0.003317859722301364,0.0001775691198417917,0.004809398204088211
akiec,"[8.48298013e-01 2.96877185e-03 1.30047187e-01 1.32876141e-02
 1.89629395e-03 1.04710656e-04 3.39736417e-03]",0.848298,0.8482980132102966,0.0029687718488276005,0.13004718720912933,0.013287614099681377,0.001896293950267136,0.00010471065616002306,0.003397364169359207
akiec,"[9.73728657e-01 2.49027018e-03 9.87939304e-04 1.52526526e-02
 7.20977457e-03 4.93238585e-05 2.81385524e-04]",0.97372866,0.9737286567687988,0.002490270184352994,0.000987939303740859,0.015252652578055859,0.007209774572402239,4.932385854772292e-05,0.00028138552443124354
akiec,"[7.45949328e-01 4.30092681e-04 2.33437866e-01 1.22837722e-04
 1.99803803e-02 4.19780954e-05 3.75694326e-05]",0.7459493,0.7459493279457092,0.0004300926811993122,0.23343786597251892,0.00012283772230148315,0.019980380311608315,4.197809539618902e-05,3.756943260668777e-05
akiec,"[9.71559823e-01 2.48577708e-04 6.95681619e-03 8.44369410e-04
 2.01299489e-02 7.65856894e-05 1.83883414e-04]",0.9715598,0.9715598225593567,0.00024857770767994225,0.0069568161852657795,0.0008443694096058607,0.02012994885444641,7.658568938495591e-05,0.0001838834141381085
akiec,"[8.49270284e-01 6.38558704e-04 3.67256515e-02 1.22218614e-03
 1.11839741e-01 2.03827469e-04 9.97465468e-05]",0.8492703,0.8492702841758728,0.0006385587039403617,0.03672565147280693,0.0012221861397847533,0.11183974146842957,0.00020382746879477054,9.974654676625505e-05
akiec,"[9.51552689e-01 1.63311212e-04 3.85705344e-02 1.26950117e-03
 7.53159076e-03 1.22820216e-04 7.89565209e-04]",0.9515527,0.95155268907547,0.00016331121150869876,0.03857053443789482,0.00126950116828084,0.007531590759754181,0.00012282021634746343,0.0007895652088336647
akiec,"[9.47812915e-01 3.03108653e-04 3.53897624e-02 2.61846290e-04
 1.48442984e-02 1.31506927e-03 7.29860985e-05]",0.9478129,0.9478129148483276,0.00030310865258798003,0.03538976237177849,0.00026184628950431943,0.014844298362731934,0.0013150692684575915,7.298609853023663e-05
akiec,"[0.32951012 0.17355593 0.17885397 0.24515839 0.06242482 0.00593928
 0.00455743]",0.32951012,0.3295101225376129,0.17355592548847198,0.17885397374629974,0.245158389210701,0.06242481991648674,0.005939275957643986,0.004557433072477579
akiec,"[9.60080028e-01 7.96517823e-04 1.62334815e-02 7.72538874e-03
 1.37291914e-02 1.25216891e-03 1.83231401e-04]",0.96008,0.9600800275802612,0.0007965178228914738,0.016233481466770172,0.007725388742983341,0.01372919138520956,0.0012521689059212804,0.0001832314010243863
akiec,"[9.80927587e-01 1.07799577e-04 1.70612112e-02 2.37860586e-05
 1.86110660e-03 1.43021816e-06 1.70515559e-05]",0.9809276,0.980927586555481,0.00010779957665363327,0.01706121116876602,2.3786058591213077e-05,0.0018611066043376923,1.4302181625680532e-06,1.705155591480434e-05
akiec,"[9.95667696e-01 4.34325833e-04 2.84226215e-03 1.77930298e-04
 8.24238290e-04 6.48925607e-06 4.71112835e-05]",0.9956677,0.9956676959991455,0.00043432583333924413,0.002842262154445052,0.00017793029837775975,0.000824238290078938,6.489256065833615e-06,4.7111283492995426e-05
akiec,"[8.18840742e-01 6.58423360e-03 1.88722424e-02 1.52151302e-01
 3.11775180e-03 3.76529148e-04 5.72800891e-05]",0.81884074,0.818840742111206,0.006584233604371548,0.01887224242091179,0.15215130150318146,0.00311775179579854,0.00037652914761565626,5.728008909500204e-05
mel,"[7.93602085e-04 1.08346355e-03 1.09016793e-02 4.57038026e-04
 9.84213352e-01 2.32060347e-03 2.30180536e-04]",0.98421335,0.0007936020847409964,0.001083463546819985,0.010901679284870625,0.00045703802607022226,0.9842133522033691,0.0023206034675240517,0.00023018053616397083
akiec,"[9.95938778e-01 1.93330110e-04 1.12513662e-03 4.89089929e-04
 2.19992804e-03 2.58623368e-06 5.10577993e-05]",0.9959388,0.995938777923584,0.00019333011005073786,0.001125136623159051,0.0004890899290330708,0.002199928043410182,2.586233676993288e-06,5.105779928271659e-05
akiec,"[8.18707526e-01 3.17886617e-04 7.63171613e-02 7.44618825e-04
 1.03818305e-01 5.02334478e-05 4.43644021e-05]",0.8187075,0.8187075257301331,0.00031788661726750433,0.07631716132164001,0.0007446188246831298,0.10381830483675003,5.0233447836944833e-05,4.436440212884918e-05
mel,"[4.37706739e-01 5.63612848e-04 6.54697139e-03 1.80452652e-02
 5.36642015e-01 1.65572987e-04 3.29835282e-04]",0.536642,0.43770673871040344,0.0005636128480546176,0.006546971388161182,0.01804526522755623,0.5366420149803162,0.00016557298658881336,0.0003298352821730077
mel,"[2.16306180e-01 3.63432890e-04 1.55579280e-02 3.96969728e-02
 7.26181209e-01 9.32417694e-04 9.61871818e-04]",0.7261812,0.2163061797618866,0.0003634328895714134,0.015557928010821342,0.03969697281718254,0.7261812090873718,0.0009324176935479045,0.0009618718177080154
mel,"[1.69312552e-01 2.37046974e-03 2.16923188e-04 2.03924969e-01
 6.22189224e-01 1.56621495e-03 4.19688819e-04]",0.6221892,0.16931255161762238,0.0023704697377979755,0.00021692318841814995,0.2039249688386917,0.6221892237663269,0.0015662149526178837,0.0004196888185106218
mel,"[4.95120622e-02 8.73149023e-04 1.58317314e-04 2.08150744e-02
 9.27982390e-01 6.01795502e-04 5.73109101e-05]",0.9279824,0.04951206222176552,0.0008731490233913064,0.00015831731434445828,0.02081507444381714,0.9279823899269104,0.0006017955020070076,5.731091005145572e-05
akiec,"[7.16223836e-01 7.88671616e-03 6.41984283e-04 2.60953605e-01
 9.86686070e-03 3.98169551e-03 4.45309532e-04]",0.71622384,0.7162238359451294,0.007886716164648533,0.0006419842829927802,0.2609536051750183,0.009866860695183277,0.003981695510447025,0.00044530953164212406
akiec,"[7.65427172e-01 2.18897243e-04 2.16561928e-01 1.35158631e-03
 1.53582236e-02 2.74661870e-04 8.07438511e-04]",0.7654272,0.7654271721839905,0.00021889724303036928,0.2165619283914566,0.0013515863101929426,0.01535822357982397,0.00027466187020763755,0.0008074385114014149
akiec,"[9.92103577e-01 2.66418187e-03 3.84095777e-03 6.08802984e-05
 1.18299446e-03 5.64571019e-06 1.41658282e-04]",0.9921036,0.9921035766601562,0.0026641818694770336,0.0038409577682614326,6.088029840611853e-05,0.0011829944560304284,5.645710189128295e-06,0.0001416582817910239
akiec,"[9.86720562e-01 7.06196879e-05 1.22635690e-02 3.71487877e-05
 8.75624828e-04 2.13548697e-06 3.04195582e-05]",0.98672056,0.9867205619812012,7.061968790367246e-05,0.012263569049537182,3.714878766913898e-05,0.0008756248280405998,2.1354869659262476e-06,3.0419558243011124e-05
akiec,"[8.47902298e-01 5.54003287e-04 5.57427900e-03 1.23096690e-01
 2.21538767e-02 6.15127559e-04 1.03718863e-04]",0.8479023,0.8479022979736328,0.0005540032871067524,0.005574278999119997,0.12309668958187103,0.02215387672185898,0.0006151275592856109,0.0001037188631016761
akiec,"[9.40644324e-01 3.49151756e-04 3.57900187e-02 6.22231187e-03
 1.61224883e-02 4.81715688e-04 3.90018977e-04]",0.9406443,0.9406443238258362,0.000349151756381616,0.03579001873731613,0.006222311872988939,0.01612248830497265,0.000481715687783435,0.0003900189767591655
akiec,"[8.54668915e-01 1.40300079e-03 3.39761786e-02 1.50006998e-03
 1.08237304e-01 6.78774595e-05 1.46629449e-04]",0.8546689,0.854668915271759,0.001403000787831843,0.033976178616285324,0.001500069978646934,0.10823730379343033,6.787745951442048e-05,0.00014662944886367768
akiec,"[9.95031238e-01 1.37441198e-03 1.05576275e-03 2.78046500e-04
 2.14812299e-03 4.04965758e-05 7.18867377e-05]",0.99503124,0.9950312376022339,0.0013744119787588716,0.0010557627538219094,0.0002780465001706034,0.0021481229923665524,4.049657582072541e-05,7.188673771452159e-05
bcc,"[3.55556316e-04 9.90157127e-01 3.78794968e-04 1.22544274e-03
 1.45485858e-03 3.59431142e-03 2.83391098e-03]",0.9901571,0.00035555631620809436,0.9901571273803711,0.00037879496812820435,0.00122544274199754,0.0014548585750162601,0.0035943114198744297,0.002833910984918475
bcc,"[3.38177346e-02 9.61665273e-01 3.22577325e-05 3.06343869e-03
 1.09749171e-03 1.48208230e-04 1.75583511e-04]",0.9616653,0.03381773456931114,0.9616652727127075,3.225773252779618e-05,0.003063438693061471,0.0010974917095154524,0.00014820822980254889,0.00017558351100888103
bcc,"[5.35539548e-05 9.93709207e-01 3.25258845e-03 3.12180142e-04
 3.41087667e-04 6.47378445e-04 1.68399978e-03]",0.9937092,5.355395478545688e-05,0.9937092065811157,0.0032525884453207254,0.0003121801419183612,0.0003410876670386642,0.0006473784451372921,0.0016839997842907906
bcc,"[8.27501644e-04 9.81255829e-01 4.04588172e-05 1.69506017e-02
 2.78539519e-04 5.35059429e-04 1.12046568e-04]",0.9812558,0.0008275016443803906,0.981255829334259,4.0458817238686606e-05,0.01695060171186924,0.00027853951905854046,0.0005350594292394817,0.00011204656766494736
bcc,"[2.19833892e-04 9.68446612e-01 1.25403458e-03 1.18472241e-03
 4.56348236e-04 2.58807950e-02 2.55769398e-03]",0.9684466,0.00021983389160595834,0.9684466123580933,0.0012540345778688788,0.0011847224086523056,0.0004563482361845672,0.02588079497218132,0.0025576939806342125
bcc,"[0.01569498 0.96376401 0.00239756 0.00285546 0.00803408 0.00562361
 0.00163023]",0.963764,0.015694979578256607,0.9637640118598938,0.0023975628428161144,0.002855457831174135,0.008034083060920238,0.0056236120872199535,0.0016302253352478147
bcc,"[0.00171502 0.92974776 0.00784164 0.00152657 0.03082584 0.0235182
 0.00482508]",0.92974776,0.0017150203930214047,0.9297477602958679,0.007841642946004868,0.001526568317785859,0.030825842171907425,0.023518197238445282,0.00482508260756731
bcc,"[2.06438592e-03 9.50257182e-01 7.88678240e-04 1.45164737e-03
 3.58372331e-02 1.30484591e-03 8.29601567e-03]",0.9502572,0.0020643859170377254,0.9502571821212769,0.0007886782404966652,0.001451647374778986,0.03583723306655884,0.0013048459077253938,0.008296015672385693
bcc,"[1.41418807e-03 9.77335811e-01 7.62796844e-04 1.86916348e-03
 2.50956626e-04 1.75602641e-02 8.06845026e-04]",0.9773358,0.0014141880674287677,0.9773358106613159,0.000762796844355762,0.0018691634759306908,0.0002509566256776452,0.017560264095664024,0.0008068450260907412
bcc,"[1.17148717e-04 9.95056391e-01 8.12737053e-05 2.96197628e-04
 7.25598438e-05 4.05665999e-03 3.19760293e-04]",0.9950564,0.00011714871652657166,0.9950563907623291,8.127370529109612e-05,0.0002961976279038936,7.255984382936731e-05,0.004056659992784262,0.0003197602927684784
bcc,"[8.89940129e-04 9.65794742e-01 2.12017074e-03 1.34806091e-03
 1.98297910e-02 1.18362391e-03 8.83361045e-03]",0.96579474,0.0008899401291273534,0.9657947421073914,0.0021201707422733307,0.0013480609050020576,0.01982979103922844,0.0011836239136755466,0.008833610452711582
bcc,"[8.78915936e-02 8.90119791e-01 6.80917548e-03 1.05248317e-02
 3.73536441e-03 5.63748297e-04 3.55506345e-04]",0.8901198,0.0878915935754776,0.8901197910308838,0.006809175480157137,0.010524831712245941,0.0037353644147515297,0.0005637482972815633,0.00035550634493120015
bcc,"[9.14063858e-05 9.94941652e-01 6.91814494e-05 3.10197647e-04
 1.34345741e-04 4.22090525e-03 2.32228500e-04]",0.99494165,9.140638576354831e-05,0.9949416518211365,6.918144936207682e-05,0.0003101976471953094,0.00013434574066195637,0.004220905248075724,0.00023222849995363504
akiec,"[6.72245681e-01 1.60049051e-01 2.78247590e-03 1.63021788e-01
 1.30372599e-03 1.89550396e-04 4.07714804e-04]",0.6722457,0.6722456812858582,0.16004905104637146,0.0027824759017676115,0.16302178800106049,0.0013037259923294187,0.00018955039558932185,0.0004077148041687906
df,"[0.27782589 0.01414562 0.07109419 0.61802536 0.00403907 0.01349831
 0.0013715 ]",0.61802536,0.27782589197158813,0.014145617373287678,0.07109418511390686,0.6180253624916077,0.004039069637656212,0.013498306274414062,0.001371497637592256
akiec,"[0.45284972 0.07615722 0.15009955 0.27692455 0.01755608 0.01685769
 0.00955513]",0.45284972,0.45284971594810486,0.07615721970796585,0.15009954571723938,0.2769245505332947,0.01755608431994915,0.0168576892465353,0.009555130265653133
bcc,"[1.16556203e-02 9.47368503e-01 1.00430357e-03 2.00010482e-02
 3.85973044e-03 1.59469619e-02 1.63815668e-04]",0.9473685,0.01165562029927969,0.9473685026168823,0.0010043035726994276,0.02000104822218418,0.003859730437397957,0.01594696193933487,0.00016381566820200533
bcc,"[3.64375883e-03 9.79173303e-01 2.98086907e-05 1.65347010e-02
 7.39972820e-05 4.79488692e-04 6.49048307e-05]",0.9791733,0.0036437588278204203,0.9791733026504517,2.9808690669597127e-05,0.016534700989723206,7.399728201562539e-05,0.0004794886917807162,6.490483065135777e-05
df,"[4.16053087e-02 9.98413190e-02 4.82405099e-04 8.53286564e-01
 2.32724682e-03 1.33196136e-03 1.12528657e-03]",0.85328656,0.04160530865192413,0.09984131902456284,0.0004824050993192941,0.8532865643501282,0.0023272468242794275,0.0013319613644853234,0.001125286566093564
df,"[2.11619157e-02 1.50381759e-01 2.85824150e-04 8.25336933e-01
 1.44650065e-03 8.53711390e-04 5.33327693e-04]",0.82533693,0.021161915734410286,0.15038175880908966,0.0002858241496142,0.8253369331359863,0.0014465006534010172,0.0008537113899365067,0.0005333276931196451
bcc,"[1.09174551e-04 9.98590291e-01 4.24691498e-05 2.01364790e-04
 1.39047625e-05 2.32025108e-04 8.10688769e-04]",0.9985903,0.00010917455074377358,0.9985902905464172,4.246914977557026e-05,0.0002013647899730131,1.3904762454330921e-05,0.00023202510783448815,0.000810688768979162
bcc,"[4.45196358e-03 8.46086800e-01 1.08384585e-04 1.39817148e-01
 6.40683575e-04 4.03955812e-03 4.85541392e-03]",0.8460868,0.0044519635848701,0.8460868000984192,0.00010838458547368646,0.13981714844703674,0.0006406835746020079,0.004039558116346598,0.004855413921177387
bcc,"[4.37829038e-03 9.91781414e-01 9.08462913e-04 1.69116200e-03
 1.21975710e-04 8.90774478e-04 2.28003017e-04]",0.9917814,0.004378290381282568,0.9917814135551453,0.0009084629127755761,0.001691162004135549,0.00012197571049910039,0.0008907744777388871,0.00022800301667302847
df,"[0.03386584 0.34132755 0.01041508 0.60785151 0.00174232 0.00360095
 0.00119674]",0.6078515,0.03386583551764488,0.3413275480270386,0.010415082797408104,0.607851505279541,0.0017423185054212809,0.0036009543109685183,0.0011967354221269488
akiec,"[8.42400134e-01 1.50710285e-01 2.16504233e-03 9.78630502e-04
 3.47244414e-03 4.72016181e-05 2.26231816e-04]",0.84240013,0.8424001336097717,0.15071028470993042,0.0021650423295795918,0.0009786305017769337,0.003472444135695696,4.720161814475432e-05,0.00022623181575909257
bcc,"[6.94215298e-02 8.95859897e-01 1.01415899e-04 3.29326205e-02
 9.35091055e-04 5.39676286e-04 2.09759994e-04]",0.8958599,0.06942152976989746,0.8958598971366882,0.00010141589882550761,0.032932620495557785,0.0009350910549983382,0.0005396762862801552,0.00020975999359507114
bcc,"[2.24314556e-02 9.55515265e-01 9.76756681e-03 1.48555951e-03
 6.85254112e-03 9.10479459e-04 3.03719589e-03]",0.95551527,0.022431455552577972,0.9555152654647827,0.009767566807568073,0.0014855595072731376,0.006852541118860245,0.0009104794589802623,0.003037195885553956
vasc,"[1.08179876e-04 1.71787273e-02 1.91068149e-03 5.74153177e-02
 8.82696360e-04 1.63929630e-03 9.20865119e-01]",0.9208651,0.0001081798764062114,0.017178727313876152,0.0019106814870610833,0.05741531774401665,0.0008826963603496552,0.0016392963007092476,0.9208651185035706
vasc,"[3.68642468e-05 6.56768400e-03 8.68746894e-04 2.06581261e-02
 1.36130501e-03 7.12075853e-04 9.69795167e-01]",0.96979517,3.686424679472111e-05,0.006567684002220631,0.0008687468944117427,0.02065812610089779,0.0013613050105050206,0.0007120758527889848,0.9697951674461365
bcc,"[9.25935165e-04 9.95172322e-01 8.85937698e-05 1.84691584e-04
 1.19446289e-04 6.28029287e-04 2.88093369e-03]",0.9951723,0.0009259351645596325,0.9951723217964172,8.859376976033673e-05,0.0001846915838541463,0.00011944628931814805,0.000628029287327081,0.0028809336945414543
mel,"[0.15103549 0.00674473 0.0495544  0.01359806 0.77152091 0.00652237
 0.001024  ]",0.7715209,0.15103548765182495,0.006744731217622757,0.049554403871297836,0.013598056510090828,0.7715209126472473,0.0065223718993365765,0.001024003024213016
bkl,"[2.28353683e-02 3.34102187e-05 8.90841603e-01 7.64663273e-05
 8.58342573e-02 3.08389077e-04 7.04739796e-05]",0.8908416,0.022835368290543556,3.3410218748031184e-05,0.8908416032791138,7.646632730029523e-05,0.08583425730466843,0.00030838907696306705,7.047397957649082e-05
bkl,"[1.77733623e-03 3.55665106e-04 8.67621660e-01 1.50802673e-03
 1.27186701e-01 2.12433049e-04 1.33816397e-03]",0.86762166,0.0017773362342268229,0.00035566510632634163,0.867621660232544,0.0015080267330631614,0.12718670070171356,0.00021243304945528507,0.0013381639728322625
bkl,"[1.08266510e-02 1.05045922e-03 9.64468896e-01 4.81299416e-04
 2.28305813e-02 3.05383030e-04 3.66660133e-05]",0.9644689,0.010826651006937027,0.0010504592210054398,0.9644688963890076,0.0004812994156964123,0.022830581292510033,0.0003053830296266824,3.6666013329522684e-05
bkl,"[1.94301799e-01 1.37654104e-04 7.54968226e-01 6.61561571e-05
 5.04320487e-02 5.22160735e-05 4.18918644e-05]",0.7549682,0.1943017989397049,0.00013765410403721035,0.7549682259559631,6.615615711780265e-05,0.05043204873800278,5.2216073527233675e-05,4.1891864384524524e-05
bkl,"[1.22095607e-02 9.24911408e-04 9.65186298e-01 4.55928221e-03
 1.25287753e-02 3.75038851e-03 8.40857450e-04]",0.9651863,0.012209560722112656,0.0009249114082194865,0.9651862978935242,0.004559282213449478,0.01252877525985241,0.0037503885105252266,0.0008408574503846467
bkl,"[0.00115024 0.00195171 0.97111368 0.00245382 0.0062606  0.0011039
 0.01596603]",0.9711137,0.0011502377456054091,0.0019517068285495043,0.9711136817932129,0.002453821711242199,0.0062605999410152435,0.0011039029341191053,0.015966029837727547
bcc,"[0.31521788 0.42604783 0.23173317 0.01636915 0.00528383 0.00230826
 0.00303986]",0.42604783,0.31521788239479065,0.42604783177375793,0.23173317313194275,0.016369152814149857,0.00528383394703269,0.002308257855474949,0.003039857605472207
mel,"[1.42474845e-02 3.66886659e-03 1.16542734e-01 5.88307739e-04
 8.40418518e-01 4.88779787e-03 1.96462907e-02]",0.8404185,0.014247484505176544,0.0036688665859401226,0.11654273420572281,0.0005883077392354608,0.8404185175895691,0.004887797869741917,0.019646290689706802
bkl,"[5.71974181e-03 4.98673035e-05 9.91399884e-01 1.77019410e-05
 2.69416021e-03 1.88596550e-05 9.99171534e-05]",0.9913999,0.005719741806387901,4.986730345990509e-05,0.991399884223938,1.770194103301037e-05,0.0026941602118313313,1.8859655028791167e-05,9.991715342039242e-05
bkl,"[5.82708884e-03 9.67096712e-05 9.81494904e-01 9.33908814e-05
 1.23276208e-02 1.13983901e-04 4.63349897e-05]",0.9814949,0.005827088840305805,9.67096711974591e-05,0.9814949035644531,9.3390881374944e-05,0.012327620759606361,0.00011398390051908791,4.6334989747265354e-05
bkl,"[1.21344707e-03 6.44775922e-04 9.80109811e-01 5.79287240e-04
 1.72638218e-03 1.43739432e-02 1.35229924e-03]",0.9801098,0.001213447074405849,0.0006447759224101901,0.9801098108291626,0.0005792872398160398,0.001726382179185748,0.014373943209648132,0.0013522992376238108
mel,"[1.78692400e-01 1.25012026e-04 1.70764416e-01 2.02767830e-03
 6.46815777e-01 1.50918181e-03 6.55162657e-05]",0.6468158,0.17869240045547485,0.00012501202581916004,0.17076441645622253,0.0020276783034205437,0.6468157768249512,0.0015091818058863282,6.551626574946567e-05
bkl,"[5.17473835e-03 7.55406392e-04 9.52601492e-01 1.64814980e-03
 3.44299898e-02 4.80078533e-03 5.89496631e-04]",0.9526015,0.005174738354980946,0.0007554063922725618,0.9526014924049377,0.0016481498023495078,0.034429989755153656,0.004800785332918167,0.0005894966307096183
bkl,"[3.35598772e-04 7.83094656e-05 9.92214620e-01 1.12323207e-04
 5.30867837e-03 5.91057062e-04 1.35943503e-03]",0.9922146,0.0003355987719260156,7.830946560716256e-05,0.9922146201133728,0.00011232320684939623,0.00530867837369442,0.0005910570616833866,0.0013594350311905146
bkl,"[8.12902115e-04 1.45058177e-04 9.74985123e-01 8.81992237e-05
 2.30974238e-02 7.71429273e-04 9.99907716e-05]",0.9749851,0.0008129021152853966,0.0001450581767130643,0.9749851226806641,8.819922368275002e-05,0.02309742383658886,0.0007714292732998729,9.999077155953273e-05
bkl,"[1.56914815e-03 1.88328748e-04 9.58606243e-01 1.31238136e-04
 3.72549482e-02 2.14019953e-03 1.09912806e-04]",0.95860624,0.0015691481530666351,0.00018832874775398523,0.9586062431335449,0.00013123813550919294,0.037254948168992996,0.0021401995327323675,0.0001099128057830967
bkl,"[1.66141393e-03 9.30801543e-05 9.55229640e-01 5.77343744e-04
 4.16782610e-02 5.75259677e-04 1.85045792e-04]",0.95522964,0.001661413931287825,9.308015432907268e-05,0.955229640007019,0.0005773437442258,0.04167826101183891,0.0005752596771344543,0.00018504579202271998
bkl,"[1.29663630e-03 9.18940787e-05 9.79696572e-01 1.52358974e-04
 1.84697509e-02 2.37249973e-04 5.55031875e-05]",0.9796966,0.0012966362992301583,9.18940786505118e-05,0.9796965718269348,0.00015235897444654256,0.01846975088119507,0.00023724997299723327,5.550318746827543e-05
bkl,"[1.54986039e-01 9.87701467e-04 4.97126371e-01 3.94634379e-04
 3.43250513e-01 2.90202093e-03 3.52654577e-04]",0.49712637,0.15498603880405426,0.0009877014672383666,0.49712637066841125,0.0003946343786083162,0.3432505130767822,0.0029020209331065416,0.00035265457700006664
bkl,"[3.94616189e-04 7.17523289e-06 9.97257173e-01 1.76697904e-05
 2.12522573e-03 1.88298814e-04 9.86560644e-06]",0.9972572,0.0003946161887142807,7.175232894951478e-06,0.9972571730613708,1.7669790395302698e-05,0.0021252257283777,0.00018829881446436048,9.865606443781871e-06
bkl,"[1.03508297e-03 2.32470746e-04 9.42497015e-01 6.09488750e-04
 5.52491322e-02 3.38180515e-04 3.85990752e-05]",0.942497,0.0010350829688832164,0.00023247074568644166,0.9424970149993896,0.0006094887503422797,0.055249132215976715,0.00033818051451817155,3.859907519654371e-05
bkl,"[1.03323348e-02 4.78641305e-05 9.26565289e-01 1.46083956e-04
 6.27867952e-02 9.31350878e-05 2.85256192e-05]",0.9265653,0.010332334786653519,4.786413046531379e-05,0.9265652894973755,0.00014608395576942712,0.06278679519891739,9.313508780905977e-05,2.8525619200081564e-05
bkl,"[6.28603529e-03 6.01726460e-05 8.61200511e-01 1.74878805e-04
 1.32124871e-01 1.06425221e-04 4.70989798e-05]",0.8612005,0.006286035291850567,6.017264604452066e-05,0.8612005114555359,0.0001748788054101169,0.1321248710155487,0.00010642522101989016,4.709897984866984e-05
bkl,"[1.76568050e-02 5.77454957e-05 9.37294841e-01 3.85001709e-04
 4.38997298e-02 4.79579408e-04 2.26263699e-04]",0.93729484,0.017656804993748665,5.774549572379328e-05,0.9372948408126831,0.0003850017092190683,0.04389972984790802,0.0004795794084202498,0.00022626369900535792
bkl,"[1.47974521e-01 3.39137187e-04 5.34446776e-01 3.62142950e-04
 3.11805993e-01 4.90778638e-03 1.63580306e-04]",0.5344468,0.14797452092170715,0.00033913718652911484,0.5344467759132385,0.00036214294959791005,0.31180599331855774,0.004907786380499601,0.00016358030552510172
bkl,"[5.22270314e-02 1.78386830e-03 8.95771980e-01 1.29156525e-03
 4.78202105e-02 8.08122626e-04 2.97238264e-04]",0.895772,0.05222703143954277,0.0017838682979345322,0.8957719802856445,0.001291565247811377,0.047820210456848145,0.0008081226260401309,0.00029723826446570456
bkl,"[1.95452885e-04 6.28379130e-05 9.95902359e-01 3.20443854e-04
 2.26406078e-03 2.57226900e-04 9.97611904e-04]",0.99590236,0.0001954528852365911,6.283791299210861e-05,0.9959023594856262,0.0003204438544344157,0.002264060778543353,0.0002572269004303962,0.0009976119035854936
bkl,"[7.98390806e-03 2.26666685e-04 9.76357043e-01 4.21315417e-05
 1.53576154e-02 2.33851933e-05 9.26652683e-06]",0.97635704,0.00798390805721283,0.00022666668519377708,0.9763570427894592,4.213154170429334e-05,0.015357615426182747,2.338519334443845e-05,9.266526831197552e-06
bkl,"[1.32179521e-02 9.99524025e-04 8.16334486e-01 2.39987229e-03
 1.65108606e-01 1.14034652e-03 7.99209287e-04]",0.8163345,0.013217952102422714,0.000999524025246501,0.8163344860076904,0.002399872289970517,0.1651086062192917,0.0011403465177863836,0.0007992092869244516
bkl,"[2.93956958e-02 1.85600569e-04 9.39820349e-01 5.79317147e-03
 2.26350613e-02 5.58806409e-04 1.61124754e-03]",0.93982035,0.0293956957757473,0.00018560056923888624,0.9398203492164612,0.005793171469122171,0.02263506129384041,0.000558806408662349,0.0016112475423142314
bkl,"[1.16459662e-02 9.94808797e-05 9.67922091e-01 9.69434259e-05
 1.83338784e-02 6.98120159e-04 1.20347308e-03]",0.9679221,0.011645966209471226,9.948087972588837e-05,0.9679220914840698,9.694342588772997e-05,0.018333878368139267,0.0006981201586313546,0.0012034730752930045
bkl,"[4.96991538e-03 8.98778817e-05 9.61835384e-01 4.25330327e-05
 3.28208096e-02 2.08067926e-04 3.34956385e-05]",0.9618354,0.004969915375113487,8.987788169179112e-05,0.9618353843688965,4.253303268342279e-05,0.03282080963253975,0.0002080679259961471,3.34956384904217e-05
bkl,"[1.54348359e-01 1.29795645e-03 7.44823933e-01 4.15074220e-03
 8.29938576e-02 1.20455036e-02 3.39654565e-04]",0.74482393,0.15434835851192474,0.0012979564489796758,0.7448239326477051,0.004150742199271917,0.08299385756254196,0.012045503593981266,0.0003396545653231442
mel,"[1.55544840e-02 3.08076218e-02 1.16613870e-02 1.68850541e-03
 9.07216787e-01 3.23905386e-02 6.80636440e-04]",0.9072168,0.015554483979940414,0.030807621777057648,0.011661387048661709,0.0016885054064914584,0.9072167873382568,0.0323905386030674,0.0006806364399380982
mel,"[1.98666262e-03 2.40439840e-04 1.86962456e-01 6.89820328e-04
 8.09010744e-01 1.01234985e-03 9.75126532e-05]",0.80901074,0.0019866626244038343,0.00024043984012678266,0.18696245551109314,0.0006898203282617033,0.8090107440948486,0.0010123498504981399,9.7512653155718e-05
df,"[3.99981532e-03 5.88525727e-04 6.09655290e-05 9.93841290e-01
 4.49051120e-04 9.26228066e-04 1.34180140e-04]",0.9938413,0.003999815322458744,0.0005885257269255817,6.096552897361107e-05,0.993841290473938,0.00044905112008564174,0.0009262280655093491,0.00013418013986665756
df,"[1.25612330e-03 2.27753539e-03 2.37626629e-03 9.89444196e-01
 3.87903914e-04 2.52622925e-03 1.73165812e-03]",0.9894442,0.0012561233015730977,0.0022775353863835335,0.0023762662895023823,0.9894441962242126,0.0003879039140883833,0.0025262292474508286,0.0017316581215709448
df,"[1.19184586e-03 2.00138893e-03 1.48548384e-03 9.89518702e-01
 1.83744138e-04 2.57986644e-03 3.03901103e-03]",0.9895187,0.0011918458621948957,0.002001388929784298,0.00148548383731395,0.9895187020301819,0.0001837441377574578,0.0025798664428293705,0.0030390110332518816
df,"[0.0303695  0.03465306 0.0175203  0.90623552 0.00430193 0.00352887
 0.00339081]",0.9062355,0.030369501560926437,0.034653063863515854,0.017520302906632423,0.9062355160713196,0.0043019321747124195,0.0035288673825562,0.003390812547877431
df,"[2.20672184e-04 2.43335540e-04 7.27866209e-05 9.99133050e-01
 7.85526354e-05 1.03210885e-04 1.48367631e-04]",0.99913305,0.00022067218378651887,0.0002433355402899906,7.278662087628618e-05,0.9991330504417419,7.855263538658619e-05,0.00010321088484488428,0.00014836763148196042
df,"[1.72286155e-03 3.31509276e-04 3.23705113e-04 9.95962083e-01
 1.18247978e-03 3.82036495e-04 9.53440904e-05]",0.9959621,0.001722861547023058,0.00033150927629321814,0.00032370511326007545,0.9959620833396912,0.0011824797838926315,0.00038203649455681443,9.53440903685987e-05
df,"[7.48764607e-04 7.55894871e-04 3.73516959e-05 9.97777522e-01
 1.98501948e-04 3.52150382e-04 1.29769716e-04]",0.9977775,0.0007487646071240306,0.0007558948709629476,3.735169593710452e-05,0.99777752161026,0.0001985019480343908,0.0003521503822412342,0.00012976971629541367
df,"[8.50100419e-04 6.24621578e-04 1.27554653e-04 9.97830808e-01
 1.60857599e-04 3.32165509e-04 7.38832532e-05]",0.9978308,0.0008501004194840789,0.0006246215780265629,0.00012755465286318213,0.9978308081626892,0.0001608575985301286,0.00033216550946235657,7.38832532078959e-05
df,"[2.61756219e-03 3.10778734e-04 1.47489728e-02 9.76945817e-01
 3.03378562e-03 1.28173060e-03 1.06140203e-03]",0.9769458,0.0026175621896982193,0.00031077873427420855,0.014748972840607166,0.9769458174705505,0.003033785615116358,0.0012817305978387594,0.001061402028426528
df,"[7.29154155e-04 8.08480108e-05 1.60101365e-04 9.98475015e-01
 2.23782277e-04 1.82481759e-04 1.48650070e-04]",0.998475,0.0007291541551239789,8.084801083896309e-05,0.00016010136459954083,0.9984750151634216,0.00022378227731678635,0.00018248175911139697,0.0001486500696046278
df,"[7.31935899e-04 2.84533657e-04 6.38202182e-05 9.98407185e-01
 7.79240872e-05 2.77377607e-04 1.57248636e-04]",0.9984072,0.0007319358992390335,0.00028453365666791797,6.382021820172668e-05,0.9984071850776672,7.792408723616973e-05,0.0002773776068352163,0.00015724863624200225
akiec,"[9.83707845e-01 1.29029024e-04 1.52233348e-03 5.94387949e-03
 8.56946222e-03 1.02054393e-04 2.55230661e-05]",0.98370785,0.983707845211029,0.0001290290238102898,0.0015223334776237607,0.00594387948513031,0.008569462224841118,0.00010205439320998266,2.5523066142341122e-05
akiec,"[9.78659034e-01 2.32349354e-04 8.97668884e-04 1.54066468e-02
 4.68723662e-03 9.56807417e-05 2.13941385e-05]",0.97865903,0.9786590337753296,0.00023234935360960662,0.0008976688841357827,0.015406646765768528,0.004687236621975899,9.568074165144935e-05,2.1394138457253575e-05
df,"[8.09784234e-03 1.58774643e-03 1.12809801e-04 9.88328159e-01
 7.23129313e-04 1.00735121e-03 1.43069599e-04]",0.98832816,0.008097842335700989,0.0015877464320510626,0.00011280980106675997,0.9883281588554382,0.0007231293129734695,0.001007351209409535,0.00014306959928944707
df,"[2.14458691e-04 1.86193676e-04 5.30650432e-05 9.99301195e-01
 4.82182695e-05 7.89616388e-05 1.17925680e-04]",0.9993012,0.00021445869060698897,0.000186193676199764,5.306504317559302e-05,0.9993011951446533,4.8218269512290135e-05,7.896163879195228e-05,0.00011792567966040224
df,"[1.35995355e-03 5.48130542e-04 6.30864524e-05 9.97164786e-01
 4.88895515e-04 2.16997607e-04 1.58059673e-04]",0.9971648,0.0013599535450339317,0.0005481305415742099,6.30864524282515e-05,0.997164785861969,0.0004888955154456198,0.00021699760691262782,0.00015805967268534005
df,"[1.39070600e-01 3.15102679e-03 5.65156748e-04 8.38869452e-01
 1.39747988e-02 4.23292397e-03 1.36018381e-04]",0.83886945,0.13907060027122498,0.003151026787236333,0.0005651567480526865,0.8388694524765015,0.01397479884326458,0.004232923965901136,0.00013601838145405054
df,"[3.10383320e-01 5.50807687e-03 9.87281441e-04 6.61467075e-01
 1.45005248e-02 6.99505489e-03 1.58740033e-04]",0.6614671,0.31038331985473633,0.00550807686522603,0.000987281440757215,0.6614670753479004,0.01450052484869957,0.006995054893195629,0.0001587400329299271
df,"[7.49723939e-03 1.69370894e-03 4.01477628e-05 9.89474773e-01
 1.15493196e-03 9.61439218e-05 4.30949040e-05]",0.9894748,0.007497239392250776,0.0016937089385464787,4.014776277472265e-05,0.9894747734069824,0.0011549319606274366,9.614392183721066e-05,4.3094903958262876e-05
df,"[6.85363123e-03 3.47692170e-04 8.97497739e-05 9.90909398e-01
 1.50258513e-03 1.60051670e-04 1.36888877e-04]",0.9909094,0.006853631231933832,0.00034769217018038034,8.974977390607819e-05,0.9909093976020813,0.001502585131675005,0.00016005166980903596,0.00013688887702301145
df,"[1.14969083e-03 1.64636382e-04 1.47246756e-04 9.97698247e-01
 4.39507887e-04 9.57425800e-05 3.04981018e-04]",0.99769825,0.0011496908264234662,0.00016463638166897,0.00014724675565958023,0.9976982474327087,0.0004395078867673874,9.57425800152123e-05,0.00030498101841658354
df,"[5.44404658e-03 2.54162413e-04 5.84653899e-05 9.93440688e-01
 4.11780638e-04 3.06112721e-04 8.47996635e-05]",0.9934407,0.005444046575576067,0.0002541624126024544,5.846538988407701e-05,0.9934406876564026,0.00041178063838742673,0.00030611272086389363,8.479966345475987e-05
df,"[3.09572648e-03 2.66789546e-04 4.44374127e-05 9.96037960e-01
 3.62236839e-04 1.11856047e-04 8.10201018e-05]",0.99603796,0.0030957264825701714,0.0002667895460035652,4.44374127255287e-05,0.9960379600524902,0.00036223683855496347,0.00011185604671481997,8.102010178845376e-05
df,"[5.60836052e-04 1.91824729e-04 8.94248442e-05 9.98501062e-01
 2.33447456e-04 1.62883240e-04 2.60546949e-04]",0.99850106,0.0005608360515907407,0.00019182472897227854,8.942484419094399e-05,0.9985010623931885,0.00023344745568465441,0.0001628832396818325,0.00026054694899357855
akiec,"[7.67985225e-01 9.27526318e-03 2.78775842e-04 2.18064919e-01
 3.92319122e-03 1.07934240e-04 3.64654494e-04]",0.7679852,0.7679852247238159,0.009275263175368309,0.00027877584216184914,0.21806491911411285,0.003923191223293543,0.00010793424007715657,0.00036465449375100434
akiec,"[8.40019107e-01 1.94835512e-03 4.01795784e-04 1.43428981e-01
 1.39431758e-02 1.54949346e-04 1.03587139e-04]",0.8400191,0.8400191068649292,0.001948355115018785,0.0004017957835458219,0.1434289813041687,0.013943175785243511,0.00015494934632442892,0.00010358713916502893
df,"[1.90946995e-03 2.07873090e-04 8.06953292e-03 9.86789525e-01
 2.26511271e-03 6.95467053e-04 6.30503491e-05]",0.9867895,0.0019094699528068304,0.0002078730904031545,0.008069532923400402,0.9867895245552063,0.0022651127073913813,0.0006954670534469187,6.305034912656993e-05
df,"[3.05981431e-02 1.10740343e-03 1.95105036e-04 9.22237098e-01
 4.34079804e-02 1.91401481e-03 5.40223613e-04]",0.9222371,0.030598143115639687,0.0011074034264311194,0.00019510503625497222,0.9222370982170105,0.04340798035264015,0.001914014806970954,0.0005402236129157245
mel,"[1.24749349e-04 1.35760158e-04 3.72812292e-03 8.19032139e-04
 9.85548913e-01 9.59258992e-03 5.08088342e-05]",0.9855489,0.0001247493491973728,0.00013576015771832317,0.003728122916072607,0.0008190321386791766,0.9855489134788513,0.009592589922249317,5.0808834203053266e-05
mel,"[4.79235721e-04 3.61614657e-05 1.75725818e-02 1.00878172e-03
 9.80257809e-01 5.36284409e-04 1.09239008e-04]",0.9802578,0.00047923572128638625,3.616146568674594e-05,0.01757258176803589,0.0010087817208841443,0.9802578091621399,0.0005362844094634056,0.00010923900845227763
mel,"[1.91910148e-01 2.29646801e-03 2.09605284e-02 1.82475056e-03
 7.80090153e-01 2.80123181e-03 1.16747658e-04]",0.78009015,0.19191014766693115,0.002296468010172248,0.020960528403520584,0.0018247505649924278,0.7800901532173157,0.0028012318070977926,0.00011674765846692026
mel,"[1.93812157e-04 2.43573068e-05 3.56258795e-04 1.10141598e-04
 9.97906089e-01 1.38113415e-03 2.82437904e-05]",0.9979061,0.00019381215679459274,2.4357306756428443e-05,0.00035625879536382854,0.0001101415982702747,0.9979060888290405,0.0013811341486871243,2.824379043886438e-05
mel,"[0.00527555 0.00136792 0.00999171 0.00280915 0.96309417 0.00279063
 0.01467089]",0.9630942,0.005275549367070198,0.001367922406643629,0.009991712868213654,0.0028091471176594496,0.963094174861908,0.0027906307950615883,0.014670887030661106
mel,"[0.01981789 0.00328495 0.03390383 0.00558198 0.91694748 0.00186067
 0.01860327]",0.9169475,0.019817886874079704,0.003284948877990246,0.033903829753398895,0.005581982433795929,0.9169474840164185,0.0018606740050017834,0.01860327087342739
mel,"[3.13984510e-03 1.97501061e-03 6.09204778e-03 8.82884371e-04
 9.81777370e-01 5.26529644e-03 8.67604802e-04]",0.98177737,0.003139845095574856,0.0019750106148421764,0.006092047784477472,0.0008828843710944057,0.9817773699760437,0.005265296436846256,0.0008676048018969595
mel,"[5.45935053e-03 2.12531362e-04 1.21134555e-03 2.03819387e-03
 9.90477324e-01 1.79675306e-04 4.21541539e-04]",0.9904773,0.005459350533783436,0.00021253136219456792,0.0012113455450162292,0.002038193866610527,0.9904773235321045,0.0001796753058442846,0.000421541539253667
mel,"[1.11078109e-04 3.13284218e-05 3.85693420e-04 5.04155905e-05
 9.98864055e-01 3.16960039e-04 2.40539041e-04]",0.99886405,0.00011107810860266909,3.132842175546102e-05,0.0003856934199575335,5.0415590521879494e-05,0.9988640546798706,0.0003169600386172533,0.00024053904053289443
mel,"[6.41957216e-04 2.51233723e-04 1.49667673e-02 7.54227117e-03
 9.75014925e-01 1.40259473e-03 1.80352814e-04]",0.9750149,0.0006419572164304554,0.00025123372324742377,0.014966767281293869,0.007542271167039871,0.9750149250030518,0.0014025947311893106,0.0001803528139134869
mel,"[2.09597492e-04 1.12956513e-04 7.27730570e-03 1.14922365e-03
 9.90440607e-01 7.50819396e-04 5.94995508e-05]",0.9904406,0.00020959749235771596,0.00011295651347609237,0.007277305703610182,0.0011492236517369747,0.9904406070709229,0.0007508193957619369,5.949955084361136e-05
mel,"[3.50423336e-01 7.46986270e-02 2.08007339e-02 7.21957651e-04
 5.52288413e-01 8.80854437e-04 1.86080986e-04]",0.5522884,0.35042333602905273,0.07469862699508667,0.02080073393881321,0.0007219576509669423,0.5522884130477905,0.0008808544371277094,0.00018608098616823554
mel,"[1.10799618e-01 2.30305642e-01 1.60811879e-02 8.24659830e-04
 6.40471041e-01 1.31414807e-03 2.03651551e-04]",0.64047104,0.11079961806535721,0.23030564188957214,0.01608118787407875,0.0008246598299592733,0.6404710412025452,0.001314148074015975,0.0002036515506915748
mel,"[1.33204693e-03 4.18889831e-04 5.27346507e-03 1.83649943e-04
 9.89669144e-01 2.56217690e-03 5.60508168e-04]",0.98966914,0.0013320469297468662,0.0004188898310530931,0.005273465067148209,0.00018364994321018457,0.989669144153595,0.002562176901847124,0.0005605081678368151
mel,"[8.89989315e-05 3.84329833e-05 6.77925942e-04 7.34372516e-05
 9.62547600e-01 3.64911370e-02 8.24720264e-05]",0.9625476,8.899893146008253e-05,3.8432983274105936e-05,0.0006779259420000017,7.343725155806169e-05,0.9625476002693176,0.036491136997938156,8.247202640632167e-05
mel,"[2.51934514e-03 1.84554490e-04 1.15550747e-02 1.43178203e-03
 9.82715845e-01 1.37806695e-03 2.15254084e-04]",0.98271585,0.0025193451438099146,0.00018455449026077986,0.011555074714124203,0.0014317820314317942,0.9827158451080322,0.00137806695420295,0.00021525408374145627
mel,"[1.87001453e-04 6.75180345e-05 1.23641742e-02 8.89117073e-04
 9.80796933e-01 5.53627778e-03 1.58982977e-04]",0.98079693,0.00018700145301409066,6.751803448423743e-05,0.012364174239337444,0.000889117072802037,0.9807969331741333,0.005536277778446674,0.0001589829771546647
mel,"[2.71138512e-02 7.94135849e-04 1.01469336e-02 3.22256284e-03
 9.54951346e-01 2.17011408e-03 1.60103315e-03]",0.95495135,0.02711385115981102,0.0007941358489915729,0.010146933607757092,0.003222562838345766,0.9549513459205627,0.002170114079490304,0.0016010331455618143
mel,"[4.74727305e-04 1.50863474e-04 2.37632263e-02 6.23862492e-04
 9.73487079e-01 1.10578316e-03 3.94567265e-04]",0.9734871,0.00047472730511799455,0.0001508634741185233,0.023763226345181465,0.0006238624919205904,0.9734870791435242,0.0011057831579819322,0.00039456726517528296
mel,"[1.63157805e-04 1.44393753e-05 6.26778137e-03 9.30869428e-05
 9.91618216e-01 1.68258336e-03 1.60839641e-04]",0.9916182,0.00016315780521836132,1.4439375263464171e-05,0.0062677813693881035,9.308694279752672e-05,0.9916182160377502,0.0016825833590701222,0.0001608396414667368
mel,"[0.05749902 0.0041392  0.00277045 0.07509132 0.85686541 0.00174095
 0.0018937 ]",0.8568654,0.05749901756644249,0.004139203578233719,0.002770449034869671,0.07509132474660873,0.856865406036377,0.0017409487627446651,0.0018936969572678208
mel,"[0.0168156  0.00279137 0.09023857 0.00243188 0.85813487 0.02593848
 0.00364931]",0.85813487,0.01681559719145298,0.0027913691010326147,0.09023857116699219,0.0024318837095052004,0.8581348657608032,0.0259384848177433,0.0036493113730102777
mel,"[9.37549863e-04 2.70902790e-04 1.59866118e-03 2.52510980e-03
 9.77368355e-01 8.61075940e-04 1.64383110e-02]",0.97736835,0.0009375498630106449,0.00027090279036201537,0.0015986611833795905,0.0025251097977161407,0.9773683547973633,0.0008610759396106005,0.016438310965895653
mel,"[0.0145851  0.0014561  0.1283495  0.00180975 0.7968092  0.05603431
 0.0009561 ]",0.7968092,0.014585095457732677,0.0014561023563146591,0.12834949791431427,0.0018097462598234415,0.796809196472168,0.056034307926893234,0.0009561039041727781
mel,"[0.00515595 0.00198194 0.05020873 0.0036308  0.69861531 0.2374395
 0.00296774]",0.6986153,0.005155954509973526,0.0019819438457489014,0.05020872876048088,0.003630795981734991,0.698615312576294,0.23743949830532074,0.0029677418060600758
mel,"[3.40196886e-03 4.19747259e-04 1.28569324e-02 4.73481487e-04
 9.82395232e-01 3.90692847e-04 6.20371575e-05]",0.98239523,0.0034019688609987497,0.0004197472590021789,0.012856932356953621,0.0004734814865514636,0.9823952317237854,0.00039069284684956074,6.203715747687966e-05
mel,"[2.84710471e-02 6.53723720e-04 6.11205166e-03 2.41690999e-04
 9.48076546e-01 1.28655341e-02 3.57934111e-03]",0.94807655,0.028471047058701515,0.0006537237204611301,0.006112051662057638,0.0002416909992462024,0.9480765461921692,0.01286553405225277,0.003579341107979417
mel,"[1.12505322e-02 4.40662872e-04 3.84928333e-03 1.33556998e-04
 9.75285292e-01 5.37161203e-03 3.66907520e-03]",0.9752853,0.011250532232224941,0.00044066287227906287,0.0038492833264172077,0.00013355699775274843,0.9752852916717529,0.0053716120310127735,0.0036690752021968365
mel,"[5.55210887e-03 1.59659714e-04 3.82066220e-02 9.90983448e-04
 9.52763796e-01 2.04807613e-03 2.78757594e-04]",0.9527638,0.0055521088652312756,0.0001596597139723599,0.03820662200450897,0.0009909834479913116,0.9527637958526611,0.002048076130449772,0.00027875759406015277
mel,"[2.10119048e-04 1.54017238e-04 1.69425190e-03 1.28906831e-04
 9.75550413e-01 2.20718645e-02 1.90383886e-04]",0.9755504,0.00021011904755141586,0.0001540172379463911,0.0016942518996074796,0.0001289068313781172,0.9755504131317139,0.02207186445593834,0.00019038388563785702
mel,"[1.62926083e-03 5.06505137e-04 5.24156028e-03 3.92277958e-04
 9.91476595e-01 5.07593097e-04 2.46188807e-04]",0.9914766,0.0016292608343064785,0.000506505137309432,0.005241560284048319,0.0003922779578715563,0.9914765954017639,0.0005075930966995656,0.00024618880706839263
akiec,"[5.11684477e-01 2.55069433e-04 1.35206819e-01 1.49070071e-02
 3.37628543e-01 3.27639209e-05 2.85307266e-04]",0.5116845,0.5116844773292542,0.00025506943347863853,0.13520681858062744,0.014907007105648518,0.3376285433769226,3.276392089901492e-05,0.0002853072655852884
mel,"[1.63598845e-04 2.04904398e-04 3.82072001e-04 6.33544463e-04
 9.94799495e-01 3.07243201e-03 7.43970857e-04]",0.9947995,0.00016359884466510266,0.00020490439783316106,0.00038207200122997165,0.000633544463198632,0.9947994947433472,0.0030724320095032454,0.0007439708570018411
nv,"[1.42364961e-03 4.25353908e-04 2.64460640e-03 6.69791407e-05
 3.33102755e-02 9.61806595e-01 3.22473294e-04]",0.9618066,0.00142364960629493,0.00042535390821285546,0.002644606400281191,6.697914068354294e-05,0.03331027552485466,0.96180659532547,0.0003224732936359942
nv,"[6.73029645e-05 1.89331840e-04 6.27110759e-03 2.23274762e-03
 3.80894227e-04 9.89086866e-01 1.77172315e-03]",0.98908687,6.730296445311978e-05,0.000189331840374507,0.006271107587963343,0.002232747618108988,0.00038089422741904855,0.9890868663787842,0.0017717231530696154
nv,"[0.00318181 0.00145712 0.01203065 0.00138667 0.03147094 0.94785923
 0.00261356]",0.9478592,0.0031818142160773277,0.0014571206411346793,0.012030650861561298,0.0013866713270545006,0.03147093951702118,0.9478592276573181,0.002613560063764453
nv,"[2.87201576e-04 2.25887960e-03 2.90803524e-04 1.10142091e-02
 2.38746710e-04 9.85826433e-01 8.37710613e-05]",0.98582643,0.0002872015757020563,0.0022588795982301235,0.00029080352396704257,0.011014209128916264,0.00023874671023804694,0.9858264327049255,8.377106132684276e-05
nv,"[1.22158046e-04 4.89792292e-05 8.84080026e-03 4.24735917e-04
 2.43615569e-03 9.85943317e-01 2.18379730e-03]",0.9859433,0.00012215804599691182,4.8979229177348316e-05,0.008840800262987614,0.0004247359174769372,0.0024361556861549616,0.9859433174133301,0.0021837973035871983
nv,"[5.47861191e-06 2.10371771e-04 8.52396988e-05 5.58763801e-04
 2.99350777e-05 9.98903394e-01 2.06806304e-04]",0.9989034,5.478611910803011e-06,0.0002103717706631869,8.523969881935045e-05,0.0005587638006545603,2.99350776913343e-05,0.9989033937454224,0.00020680630404967815
nv,"[1.22127953e-04 3.72994778e-04 1.22770216e-04 4.98890877e-04
 7.89246405e-04 9.97972190e-01 1.21749785e-04]",0.9979722,0.00012212795263621956,0.0003729947784449905,0.00012277021596673876,0.0004988908767700195,0.0007892464054748416,0.9979721903800964,0.00012174978473922238
nv,"[1.63221499e-03 1.57922355e-03 1.99191249e-03 3.28976335e-03
 8.93840846e-03 9.82226372e-01 3.42134619e-04]",0.9822264,0.0016322149895131588,0.0015792235499247909,0.001991912489756942,0.0032897633500397205,0.008938408456742764,0.9822263717651367,0.0003421346191316843
nv,"[3.00826534e-04 1.34533446e-04 3.32038775e-02 2.08774058e-04
 1.03123179e-02 9.55697060e-01 1.42555495e-04]",0.95569706,0.00030082653393037617,0.00013453344581648707,0.03320387750864029,0.0002087740576826036,0.010312317870557308,0.9556970596313477,0.0001425554946763441
nv,"[7.11141183e-06 2.12438390e-05 1.08831591e-04 2.03448508e-04
 6.21252620e-05 9.99505758e-01 9.15094934e-05]",0.99950576,7.111411832738668e-06,2.1243839000817388e-05,0.00010883159120567143,0.0002034485078183934,6.21252620476298e-05,0.9995057582855225,9.150949335889891e-05
nv,"[7.27799372e-04 8.87394417e-04 5.18702157e-03 1.14529114e-02
 1.44290552e-02 9.66990292e-01 3.25454428e-04]",0.9669903,0.0007277993718162179,0.0008873944170773029,0.005187021568417549,0.011452911421656609,0.014429055154323578,0.9669902920722961,0.0003254544280935079
nv,"[5.12469996e-05 1.84025732e-04 2.36781314e-03 2.77746032e-04
 1.02091534e-03 9.95794892e-01 3.03362292e-04]",0.9957949,5.1246999646537006e-05,0.00018402573186904192,0.002367813140153885,0.0002777460322249681,0.0010209153406322002,0.9957948923110962,0.00030336229247041047
nv,"[2.50420650e-04 3.20902728e-02 1.04802530e-02 9.85852331e-02
 1.16954805e-04 8.56903493e-01 1.57345016e-03]",0.8569035,0.000250420649535954,0.03209027275443077,0.010480253025889397,0.09858523309230804,0.00011695480498019606,0.8569034934043884,0.0015734501648694277
nv,"[1.13915448e-05 5.10026548e-05 6.16054051e-04 3.21201456e-04
 1.39336810e-02 9.84747827e-01 3.18857201e-04]",0.9847478,1.1391544830985367e-05,5.100265479995869e-05,0.0006160540506243706,0.00032120145624503493,0.013933680951595306,0.9847478270530701,0.00031885720090940595
nv,"[2.43361690e-04 1.76348534e-04 5.27744042e-03 1.36826609e-04
 1.85469445e-02 9.75432217e-01 1.86778081e-04]",0.9754322,0.00024336169008165598,0.00017634853429626673,0.005277440417557955,0.00013682660937774926,0.018546944484114647,0.9754322171211243,0.00018677808111533523
nv,"[6.86371047e-03 3.87681648e-02 1.51075441e-02 5.89772016e-02
 6.74177601e-04 8.79282951e-01 3.26355948e-04]",0.87928295,0.006863710470497608,0.038768164813518524,0.015107544139027596,0.05897720158100128,0.000674177601467818,0.8792829513549805,0.00032635594834573567
nv,"[6.67810536e-06 2.23163188e-05 2.19422465e-04 8.22570641e-04
 3.95014504e-05 9.98754621e-01 1.34971764e-04]",0.9987546,6.6781053646991495e-06,2.2316318791126832e-05,0.00021942246530670673,0.0008225706405937672,3.950145037379116e-05,0.998754620552063,0.0001349717640550807
nv,"[9.97786628e-05 5.65301634e-05 1.16347224e-02 5.61885354e-05
 2.80393399e-02 9.59865153e-01 2.48342112e-04]",0.95986515,9.977866284316406e-05,5.653016341966577e-05,0.011634722352027893,5.6188535381807014e-05,0.028039339929819107,0.959865152835846,0.000248342112172395
nv,"[2.43255308e-05 1.61531410e-04 1.08270196e-03 4.69096594e-05
 1.94422416e-02 9.79132354e-01 1.09880588e-04]",0.97913235,2.43255308305379e-05,0.0001615314104128629,0.001082701957784593,4.690965943154879e-05,0.01944224163889885,0.979132354259491,0.0001098805878427811
nv,"[5.48611744e-04 6.59784710e-04 5.59745403e-03 7.41342129e-03
 7.49151632e-02 9.10525143e-01 3.40473198e-04]",0.91052514,0.0005486117443069816,0.0006597847095690668,0.005597454030066729,0.007413421291857958,0.07491516321897507,0.9105251431465149,0.0003404731978662312
nv,"[7.76586057e-06 5.15897773e-05 6.81886377e-05 3.60718077e-05
 4.09844564e-04 9.99382734e-01 4.37122071e-05]",0.99938273,7.76586057327222e-06,5.15897772856988e-05,6.818863766966388e-05,3.6071807699045166e-05,0.00040984456427395344,0.999382734298706,4.371220711618662e-05
nv,"[3.11277225e-03 1.65415858e-03 2.09865021e-03 4.16885829e-04
 1.94027612e-03 9.90552068e-01 2.25254174e-04]",0.99055207,0.003112772246822715,0.001654158579185605,0.0020986502058804035,0.00041688582859933376,0.0019402761245146394,0.9905520677566528,0.0002252541744383052
nv,"[2.98250825e-06 1.64556277e-05 3.09731149e-05 2.26279590e-05
 5.08706362e-05 9.99858856e-01 1.71932461e-05]",0.99985886,2.982508249260718e-06,1.6455627701361664e-05,3.09731149172876e-05,2.262795896967873e-05,5.087063618702814e-05,0.9998588562011719,1.7193246094393544e-05
nv,"[1.23705657e-03 1.61642383e-03 3.41431648e-02 2.41792644e-04
 1.05642632e-01 8.54826450e-01 2.29243096e-03]",0.85482645,0.0012370565673336387,0.0016164238331839442,0.03414316475391388,0.00024179264437407255,0.10564263164997101,0.8548264503479004,0.0022924309596419334
nv,"[3.03563138e-06 1.88909999e-05 2.00315480e-04 1.97066809e-04
 4.14155074e-04 9.99073744e-01 9.26979701e-05]",0.99907374,3.035631380043924e-06,1.889099985419307e-05,0.00020031548046972603,0.0001970668090507388,0.00041415507439523935,0.9990737438201904,9.269797010347247e-05
nv,"[2.12987252e-05 9.79069737e-05 6.66621636e-05 4.60937845e-05
 2.24915962e-03 9.96831477e-01 6.87361229e-04]",0.9968315,2.129872518707998e-05,9.790697367861867e-05,6.666216359008104e-05,4.609378447639756e-05,0.0022491596173495054,0.996831476688385,0.000687361229211092
nv,"[1.63852921e-04 5.76033373e-04 2.96154316e-03 8.90343290e-05
 2.06664633e-02 9.75397646e-01 1.45408383e-04]",0.97539765,0.00016385292110498995,0.0005760333733633161,0.002961543155834079,8.903432899387553e-05,0.020666463300585747,0.9753976464271545,0.0001454083831049502
nv,"[1.43806843e-04 2.97476392e-04 9.21230065e-04 7.08529915e-05
 2.36394592e-02 9.74621952e-01 3.05319496e-04]",0.97462195,0.00014380684297066182,0.00029747639200650156,0.0009212300647050142,7.085299148457125e-05,0.023639459162950516,0.9746219515800476,0.00030531949596479535
bkl,"[1.15033495e-03 4.81897150e-04 9.39233363e-01 3.94146948e-04
 3.87607291e-02 1.59703922e-02 4.00918769e-03]",0.93923336,0.0011503349523991346,0.0004818971501663327,0.9392333626747131,0.0003941469476558268,0.038760729134082794,0.015970392152667046,0.004009187687188387
bkl,"[0.00170702 0.00103566 0.90482879 0.00122517 0.04816948 0.03588275
 0.00715105]",0.9048288,0.0017070187022909522,0.001035663764923811,0.9048287868499756,0.0012251681182533503,0.04816947877407074,0.035882752388715744,0.007151045836508274
nv,"[9.06083005e-05 1.00520811e-04 4.49088722e-04 3.19287392e-05
 9.82114114e-04 9.98152554e-01 1.93170374e-04]",0.99815255,9.060830052476376e-05,0.00010052081051981077,0.00044908872223459184,3.1928739190334454e-05,0.0009821141138672829,0.9981525540351868,0.00019317037367727607
nv,"[4.54426423e-04 1.81948068e-03 5.99956431e-04 1.44980464e-03
 4.37119454e-02 9.49097931e-01 2.86653172e-03]",0.94909793,0.0004544264229480177,0.0018194806762039661,0.0005999564309604466,0.0014498046366497874,0.04371194541454315,0.9490979313850403,0.0028665317222476006
vasc,"[1.55357920e-04 6.22140593e-04 2.72004021e-04 2.54285580e-04
 9.68277687e-04 1.77637313e-03 9.95951533e-01]",0.99595153,0.00015535792044829577,0.0006221405928954482,0.00027200402109883726,0.0002542855800129473,0.0009682776872068644,0.0017763731302693486,0.9959515333175659
vasc,"[1.40979071e-04 6.38358877e-04 2.67345313e-04 2.12633444e-04
 8.77302082e-04 1.66378880e-03 9.96199548e-01]",0.99619955,0.0001409790711477399,0.0006383588770404458,0.000267345312749967,0.0002126334438798949,0.0008773020817898214,0.0016637888038530946,0.9961995482444763
vasc,"[1.27246327e-04 1.95825566e-03 3.23176413e-04 2.80737178e-04
 1.69714753e-04 8.44465918e-04 9.96296465e-01]",0.99629647,0.0001272463268833235,0.0019582556560635567,0.0003231764130759984,0.0002807371784001589,0.00016971475270111114,0.0008444659179076552,0.9962964653968811
vasc,"[2.17337165e-05 1.32746311e-04 5.87885843e-05 1.10066721e-04
 5.11388702e-04 5.06208162e-04 9.98659015e-01]",0.998659,2.1733716494054534e-05,0.0001327463105553761,5.878858428332023e-05,0.00011006672139046714,0.000511388701852411,0.0005062081618234515,0.9986590147018433
vasc,"[2.22365299e-04 9.30193753e-04 5.06582088e-04 5.64983289e-04
 8.83951550e-04 2.52255169e-03 9.94369328e-01]",0.9943693,0.00022236529912333935,0.0009301937534473836,0.0005065820878371596,0.0005649832892231643,0.0008839515503495932,0.0025225516874343157,0.9943693280220032
vasc,"[1.28375659e-05 1.88547725e-04 7.80321861e-05 2.32026307e-03
 1.06791398e-04 4.84060001e-04 9.96809423e-01]",0.9968094,1.2837565918744076e-05,0.0001885477249743417,7.803218613844365e-05,0.0023202630691230297,0.00010679139813873917,0.0004840600013267249,0.9968094229698181
vasc,"[7.59184695e-05 4.32716042e-04 1.61219708e-04 1.80120143e-04
 3.11421580e-04 7.98596768e-04 9.98040020e-01]",0.99804,7.591846951982006e-05,0.00043271604226902127,0.00016121970838867128,0.00018012014334090054,0.0003114215796813369,0.0007985967677086592,0.9980400204658508
vasc,"[1.08262720e-04 6.97578536e-04 3.86036409e-04 3.05276306e-04
 5.58106229e-04 1.86500803e-03 9.96079743e-01]",0.99607974,0.0001082627204596065,0.0006975785363465548,0.0003860364085994661,0.00030527630588039756,0.0005581062287092209,0.0018650080310180783,0.9960797429084778
vasc,"[8.75547703e-05 1.41789170e-03 1.77007241e-04 4.17828374e-03
 2.80035805e-04 3.43527133e-03 9.90423977e-01]",0.990424,8.755477028898895e-05,0.0014178917044773698,0.000177007241290994,0.004178283736109734,0.00028003580518998206,0.0034352713264524937,0.9904239773750305
vasc,"[5.71736164e-05 3.75965610e-04 1.32194720e-04 1.13421294e-04
 3.10437114e-04 5.34894352e-04 9.98475969e-01]",0.99847597,5.717361636925489e-05,0.0003759656101465225,0.00013219472020864487,0.00011342129437252879,0.0003104371135123074,0.0005348943523131311,0.998475968837738
vasc,"[1.04086619e-04 2.68153643e-04 1.88343358e-04 2.06089724e-04
 2.48331256e-04 9.05835826e-04 9.98079181e-01]",0.9980792,0.0001040866191033274,0.0002681536425370723,0.0001883433578768745,0.00020608972408808768,0.00024833125644363463,0.0009058358264155686,0.9980791807174683
vasc,"[9.50751491e-05 4.83116601e-04 1.95017739e-04 2.20747315e-04
 3.75866366e-04 7.15196424e-04 9.97914970e-01]",0.99791497,9.507514914730564e-05,0.00048311660066246986,0.00019501773931551725,0.00022074731532484293,0.00037586636608466506,0.0007151964236982167,0.9979149699211121
vasc,"[2.30648415e-03 1.13664917e-03 3.56632075e-03 1.20246934e-03
 9.07647191e-04 4.38482361e-03 9.86495614e-01]",0.9864956,0.0023064841516315937,0.0011366491671651602,0.003566320752725005,0.0012024693423882127,0.0009076471906155348,0.0043848236091434956,0.9864956140518188
vasc,"[5.10991049e-05 1.88180144e-04 1.92985462e-04 3.28077178e-04
 4.79213893e-03 2.07494260e-04 9.94240165e-01]",0.99424016,5.1099104894092306e-05,0.00018818014359567314,0.00019298546249046922,0.00032807717798277736,0.004792138934135437,0.00020749426039401442,0.9942401647567749
vasc,"[4.95905078e-05 4.26281651e-04 8.98252401e-05 1.94767970e-04
 2.00510462e-04 4.34566376e-04 9.98604357e-01]",0.99860436,4.9590507842367515e-05,0.00042628165101632476,8.98252401384525e-05,0.00019476797024253756,0.0002005104615818709,0.00043456637649796903,0.9986043572425842
vasc,"[5.60072476e-06 3.38174810e-04 1.36622266e-05 2.47201009e-04
 5.86807400e-05 1.39641546e-04 9.99196947e-01]",0.99919695,5.600724762189202e-06,0.00033817481016740203,1.3662226592714433e-05,0.0002472010091878474,5.8680740039562806e-05,0.00013964154641143978,0.9991969466209412
vasc,"[4.92423214e-06 2.02410840e-04 1.84549990e-05 3.57665500e-04
 5.09223210e-05 1.21731347e-04 9.99243855e-01]",0.99924386,4.924232143821428e-06,0.00020241083984728903,1.845499900809955e-05,0.0003576654999051243,5.092232095194049e-05,0.00012173134746262804,0.9992438554763794
vasc,"[1.23226710e-05 2.42396622e-04 3.85943829e-04 1.93451808e-04
 2.55611987e-04 1.59085117e-04 9.98751163e-01]",0.99875116,1.2322670954745263e-05,0.00024239662161562592,0.0003859438293147832,0.0001934518077177927,0.00025561198708601296,0.0001590851170476526,0.998751163482666
vasc,"[1.11111571e-04 7.28822313e-04 2.45133560e-04 3.08142684e-04
 5.29996702e-04 1.21333194e-03 9.96863484e-01]",0.9968635,0.00011111157073173672,0.0007288223132491112,0.0002451335603836924,0.00030814268393442035,0.000529996701516211,0.0012133319396525621,0.9968634843826294
vasc,"[8.79636646e-05 4.57845803e-04 2.00546332e-04 1.81626237e-04
 3.09736031e-04 5.42128226e-04 9.98220146e-01]",0.99822015,8.796366455499083e-05,0.0004578458028845489,0.00020054633205290884,0.00018162623746320605,0.00030973603134043515,0.0005421282257884741,0.9982201457023621
vasc,"[1.19745797e-04 6.34207507e-04 3.50709073e-04 2.46438314e-04
 5.91362012e-04 1.42553530e-03 9.96632040e-01]",0.99663204,0.0001197457968373783,0.0006342075066640973,0.00035070907324552536,0.0002464383142068982,0.0005913620116189122,0.0014255353016778827,0.9966320395469666
vasc,"[0.03110203 0.03753581 0.00717717 0.00586889 0.01229442 0.04488624
 0.86113542]",0.8611354,0.031102031469345093,0.037535812705755234,0.007177168503403664,0.005868888925760984,0.01229441910982132,0.044886235147714615,0.8611354231834412
vasc,"[1.53306144e-04 5.24283794e-04 3.14561708e-04 2.56526808e-04
 5.51145000e-04 1.04882708e-03 9.97151434e-01]",0.99715143,0.00015330614405684173,0.000524283794220537,0.0003145617083646357,0.00025652680778875947,0.0005511449999175966,0.0010488270781934261,0.9971514344215393
vasc,"[3.47366091e-03 6.48138928e-04 1.15590766e-02 8.63394001e-04
 2.82789618e-02 7.40712788e-03 9.47769701e-01]",0.9477697,0.003473660908639431,0.0006481389282271266,0.011559076607227325,0.0008633940014988184,0.028278961777687073,0.007407127879559994,0.9477697014808655
vasc,"[1.18440676e-05 6.55297554e-05 8.09502380e-05 1.80466945e-04
 1.44450954e-04 7.66162775e-05 9.99440134e-01]",0.99944013,1.1844067557831295e-05,6.552975537488237e-05,8.095023804344237e-05,0.00018046694458462298,0.00014445095439441502,7.661627751076594e-05,0.9994401335716248
vasc,"[9.32102266e-05 4.00449528e-04 1.38400224e-04 1.80060568e-04
 3.09930125e-04 4.84652788e-04 9.98393238e-01]",0.99839324,9.321022662334144e-05,0.0004004495276603848,0.0001384002243867144,0.0001800605677999556,0.0003099301247857511,0.00048465278814546764,0.9983932375907898
vasc,"[2.08008758e-04 1.81096737e-04 4.30334068e-04 8.91168747e-05
 4.27563209e-04 6.47837180e-04 9.98016119e-01]",0.9980161,0.00020800875790882856,0.00018109673692379147,0.00043033406836912036,8.911687473300844e-05,0.00042756320908665657,0.0006478371797129512,0.9980161190032959
vasc,"[5.32733393e-05 4.31053981e-04 1.09889581e-04 1.63077362e-04
 2.23333336e-04 3.89748864e-04 9.98629570e-01]",0.99862957,5.327333929017186e-05,0.0004310539807192981,0.00010988958092639223,0.0001630773622309789,0.000223333336180076,0.0003897488641086966,0.9986295700073242
vasc,"[2.36541855e-05 1.28628162e-03 5.65325136e-05 1.61620512e-04
 1.63577904e-04 1.69531663e-03 9.96612966e-01]",0.99661297,2.365418549743481e-05,0.0012862816220149398,5.653251355397515e-05,0.0001616205117898062,0.00016357790445908904,0.0016953166341409087,0.9966129660606384
akiec,"[6.66462004e-01 1.08774257e-04 2.29008943e-01 3.59673111e-04
 1.03970170e-01 5.52495258e-05 3.51671661e-05]",0.666462,0.6664620041847229,0.00010877425665967166,0.22900894284248352,0.00035967311123386025,0.10397017002105713,5.524952575797215e-05,3.51671660610009e-05
akiec,"[9.48995113e-01 3.50447721e-04 5.92906168e-03 5.33621432e-03
 3.91438454e-02 1.89702798e-04 5.55904371e-05]",0.9489951,0.9489951133728027,0.0003504477208480239,0.0059290616773068905,0.005336214322596788,0.039143845438957214,0.00018970279779750854,5.559043711400591e-05
akiec,"[9.84654307e-01 2.72542147e-05 1.04392422e-02 9.84581857e-05
 4.74007847e-03 1.33028507e-05 2.74568683e-05]",0.9846543,0.9846543073654175,2.7254214728600346e-05,0.010439242236316204,9.845818567555398e-05,0.004740078467875719,1.3302850675245281e-05,2.745686833804939e-05
mel,"[8.73753056e-03 1.83911005e-04 1.13049179e-01 4.38722112e-04
 8.73401105e-01 4.12798673e-03 6.15937752e-05]",0.8734011,0.008737530559301376,0.00018391100456938148,0.11304917931556702,0.00043872211244888604,0.8734011054039001,0.00412798672914505,6.159377517178655e-05
akiec,"[9.93755698e-01 6.67301647e-04 2.88575375e-03 8.79904910e-05
 2.54034367e-03 2.10518351e-06 6.08220726e-05]",0.9937557,0.9937556982040405,0.0006673016468994319,0.0028857537545263767,8.799049101071432e-05,0.0025403436738997698,2.1051835119578755e-06,6.0822072555311024e-05
akiec,"[9.91057873e-01 1.44673558e-03 4.13691020e-03 3.78606957e-04
 2.86639458e-03 3.98590164e-05 7.35441572e-05]",0.9910579,0.9910578727722168,0.001446735579520464,0.004136910196393728,0.00037860695738345385,0.0028663945849984884,3.985901639680378e-05,7.354415720328689e-05
mel,"[7.28082284e-02 2.32536677e-05 2.23405170e-03 1.58655958e-03
 9.21577632e-01 1.68619223e-03 8.39572531e-05]",0.92157763,0.07280822843313217,2.3253667677636258e-05,0.002234051702544093,0.001586559577845037,0.9215776324272156,0.0016861922340467572,8.395725308218971e-05
mel,"[4.87014428e-02 1.43364578e-05 5.08684956e-04 6.54301315e-04
 9.49707747e-01 2.78751540e-04 1.34752248e-04]",0.94970775,0.048701442778110504,1.4336457752506249e-05,0.0005086849560029805,0.0006543013150803745,0.9497077465057373,0.00027875154046341777,0.0001347522484138608
akiec,"[5.75584352e-01 1.81402231e-03 9.52239521e-03 5.67328464e-03
 3.08181256e-01 9.89324525e-02 2.92266224e-04]",0.57558435,0.575584352016449,0.0018140223110094666,0.009522395208477974,0.005673284642398357,0.3081812560558319,0.09893245249986649,0.0002922662242781371
akiec,"[9.70858097e-01 1.58305207e-04 3.40445060e-03 2.18735935e-04
 2.52574887e-02 4.30862456e-05 5.98616753e-05]",0.9708581,0.970858097076416,0.00015830520715098828,0.0034044506028294563,0.00021873593505006284,0.02525748871266842,4.3086245568702e-05,5.986167525406927e-05
bcc,"[1.78747636e-03 9.97353792e-01 5.65854134e-06 7.09364598e-04
 1.08879860e-04 1.50666938e-05 1.97291065e-05]",0.9973538,0.0017874763580039144,0.9973537921905518,5.658541340380907e-06,0.0007093645981512964,0.00010887985990848392,1.5066693777043838e-05,1.9729106497834437e-05
bcc,"[1.36020765e-01 8.53208423e-01 7.25500705e-03 1.15952198e-03
 1.81210320e-03 2.44280614e-04 2.99856008e-04]",0.8532084,0.13602076470851898,0.8532084226608276,0.007255007047206163,0.001159521983936429,0.0018121032044291496,0.0002442806144244969,0.0002998560084961355
bcc,"[0.00436611 0.93127412 0.01431005 0.0056123  0.00939693 0.01507563
 0.01996487]",0.9312741,0.004366109147667885,0.9312741160392761,0.014310045167803764,0.005612298846244812,0.00939693208783865,0.015075629577040672,0.019964871928095818
mel,"[0.00218736 0.0016808  0.03684558 0.00132256 0.9343363  0.02212681
 0.00150067]",0.9343363,0.002187364734709263,0.001680802321061492,0.036845576018095016,0.0013225622242316604,0.9343363046646118,0.022126808762550354,0.0015006710309535265
bcc,"[1.63807735e-01 8.27206850e-01 9.11580355e-05 8.36151838e-03
 2.73129670e-04 1.78612259e-04 8.10425408e-05]",0.82720685,0.1638077348470688,0.8272068500518799,9.115803550230339e-05,0.008361518383026123,0.00027312966994941235,0.00017861225933302194,8.10425408417359e-05
bcc,"[1.65587605e-03 9.97425616e-01 5.20267131e-05 3.29194881e-04
 5.92386605e-05 3.47036344e-04 1.30849046e-04]",0.9974256,0.0016558760544285178,0.9974256157875061,5.2026713092345744e-05,0.00032919488148763776,5.923866046941839e-05,0.0003470363444648683,0.00013084904639981687
bcc,"[3.95340007e-03 9.94352579e-01 1.72738437e-04 6.30405499e-04
 1.51108630e-04 4.91791347e-04 2.48012104e-04]",0.9943526,0.003953400067985058,0.9943525791168213,0.00017273843695875257,0.0006304054986685514,0.0001511086302343756,0.0004917913465760648,0.0002480121038388461
bkl,"[0.00307715 0.26453495 0.41678721 0.00612384 0.21673034 0.05367238
 0.03907421]",0.4167872,0.003077146364375949,0.26453495025634766,0.41678720712661743,0.00612383708357811,0.21673034131526947,0.05367237702012062,0.039074212312698364
mel,"[0.03794438 0.25211236 0.02186143 0.02200537 0.62700331 0.02826901
 0.01080414]",0.6270033,0.037944383919239044,0.25211235880851746,0.021861428394913673,0.022005371749401093,0.6270033121109009,0.028269009664654732,0.010804135352373123
bkl,"[1.35149236e-03 4.68842081e-05 9.25715387e-01 2.08182071e-04
 7.16943219e-02 5.58517408e-04 4.25284408e-04]",0.9257154,0.0013514923630282283,4.6884208131814376e-05,0.9257153868675232,0.0002081820712191984,0.07169432193040848,0.0005585174076259136,0.0004252844082657248
bkl,"[6.48684474e-03 2.53509468e-04 6.78236127e-01 3.04454879e-04
 3.12992007e-01 1.12676143e-03 6.00324478e-04]",0.6782361,0.00648684473708272,0.0002535094681661576,0.6782361268997192,0.0003044548793695867,0.31299200654029846,0.0011267614318057895,0.0006003244780004025
bkl,"[1.07680652e-02 7.93909276e-05 9.83984292e-01 9.94608490e-05
 4.95163305e-03 1.00852893e-04 1.62400665e-05]",0.9839843,0.010768065229058266,7.939092756714672e-05,0.9839842915534973,9.946084901457652e-05,0.004951633047312498,0.00010085289250127971,1.624006654310506e-05
bkl,"[2.77177077e-02 1.83618010e-03 8.86334538e-01 1.64053235e-02
 6.47916868e-02 1.13804017e-04 2.80066556e-03]",0.88633454,0.02771770767867565,0.0018361801048740745,0.8863345384597778,0.016405323520302773,0.06479168683290482,0.00011380401701899245,0.0028006655629724264
bkl,"[3.97481844e-02 3.50832031e-03 8.77718627e-01 1.46704931e-02
 5.65053932e-02 2.22616945e-04 7.62631837e-03]",0.8777186,0.0397481843829155,0.0035083203110843897,0.8777186274528503,0.014670493081212044,0.056505393236875534,0.0002226169453933835,0.007626318372786045
df,"[3.24039982e-04 5.36132953e-04 5.84390538e-04 9.93922234e-01
 1.90063674e-05 4.33059456e-03 2.83640693e-04]",0.99392223,0.00032403998193331063,0.0005361329531297088,0.0005843905382789671,0.993922233581543,1.900636743812356e-05,0.0043305945582687855,0.00028364069294184446
df,"[1.34126935e-03 1.25987543e-04 2.59240915e-04 9.96712089e-01
 5.05825388e-04 5.17342414e-04 5.38275286e-04]",0.9967121,0.001341269351541996,0.00012598754256032407,0.00025924091460183263,0.9967120885848999,0.0005058253882452846,0.0005173424142412841,0.0005382752860896289
df,"[9.45333217e-04 3.64234485e-03 6.72723632e-04 9.86470520e-01
 1.98189373e-04 6.65368279e-03 1.41720311e-03]",0.9864705,0.000945333216805011,0.0036423448473215103,0.0006727236323058605,0.9864705204963684,0.0001981893728952855,0.006653682794421911,0.0014172031078487635
df,"[5.63743385e-03 3.97230498e-04 1.53293237e-04 9.92965102e-01
 4.03289392e-04 3.62755964e-04 8.09825578e-05]",0.9929651,0.005637433845549822,0.00039723049849271774,0.00015329323650803417,0.9929651021957397,0.0004032893921248615,0.00036275596357882023,8.098255784716457e-05
df,"[9.74374881e-04 1.03011407e-04 3.60271079e-04 9.97908831e-01
 4.54024848e-04 1.39255644e-04 6.01505235e-05]",0.99790883,0.0009743748814798892,0.00010301140719093382,0.0003602710785344243,0.9979088306427002,0.0004540248482953757,0.00013925564417149872,6.0150523495394737e-05
df,"[2.99035280e-04 1.91528103e-04 5.55751212e-05 9.99245286e-01
 7.19497330e-05 7.59034519e-05 6.08111368e-05]",0.9992453,0.0002990352804772556,0.0001915281027322635,5.557512122322805e-05,0.999245285987854,7.194973295554519e-05,7.590345194330439e-05,6.0811136791016906e-05
df,"[7.84937525e-04 4.99052258e-05 1.35406503e-04 9.96638417e-01
 2.15068366e-03 1.38740696e-04 1.01883095e-04]",0.9966384,0.0007849375251680613,4.990522575099021e-05,0.00013540650252252817,0.9966384172439575,0.0021506836637854576,0.0001387406955473125,0.00010188309533987194
df,"[6.66622596e-04 4.53660148e-04 1.82049305e-04 9.97811615e-01
 1.10165944e-04 3.51037248e-04 4.24866914e-04]",0.9978116,0.0006666225963272154,0.0004536601481959224,0.00018204930529464036,0.9978116154670715,0.00011016594362445176,0.0003510372480377555,0.00042486691381782293
df,"[2.23036986e-05 1.55974813e-05 3.18786333e-05 9.99719799e-01
 7.39975076e-05 5.45531257e-05 8.18064436e-05]",0.9997198,2.230369864264503e-05,1.559748125146143e-05,3.187863330822438e-05,0.9997197985649109,7.399750757031143e-05,5.455312566482462e-05,8.180644363164902e-05
df,"[4.54703259e-04 1.66199225e-05 3.83398874e-05 9.98700976e-01
 2.71274970e-04 1.45437938e-04 3.72676383e-04]",0.998701,0.00045470325858332217,1.6619922462268732e-05,3.833988739643246e-05,0.9987009763717651,0.0002712749701458961,0.000145437938044779,0.00037267638253979385
df,"[6.35418594e-02 2.10740697e-03 2.86080001e-04 9.26756501e-01
 6.87659718e-03 2.48709723e-04 1.82800868e-04]",0.9267565,0.06354185938835144,0.0021074069663882256,0.00028608000138774514,0.9267565011978149,0.0068765971809625626,0.000248709722654894,0.00018280086806043983
df,"[1.44632636e-02 1.11287530e-03 1.64173223e-04 9.80298936e-01
 3.05497041e-03 3.54065705e-04 5.51740872e-04]",0.98029894,0.014463263563811779,0.0011128752958029509,0.00016417322331108153,0.9802989363670349,0.003054970409721136,0.00035406570532359183,0.0005517408717423677
mel,"[0.00190568 0.00134967 0.00106378 0.00067082 0.61429483 0.36741313
 0.01330211]",0.6142948,0.0019056843593716621,0.0013496710453182459,0.001063779927790165,0.0006708213477395475,0.6142948269844055,0.36741313338279724,0.01330211479216814
mel,"[3.47787223e-04 9.14486664e-05 3.53528303e-03 1.68942008e-03
 9.04106855e-01 8.98694694e-02 3.59751109e-04]",0.90410686,0.00034778722329065204,9.144866635324433e-05,0.0035352830309420824,0.0016894200816750526,0.904106855392456,0.08986946940422058,0.0003597511094994843
mel,"[2.46865465e-03 1.31591893e-04 1.42070517e-01 8.66729359e-04
 8.44867051e-01 8.96844082e-03 6.27065252e-04]",0.84486705,0.002468654653057456,0.00013159189256839454,0.14207051694393158,0.000866729358676821,0.8448670506477356,0.008968440815806389,0.0006270652520470321
mel,"[1.11510290e-03 1.12076086e-04 7.76249543e-02 6.64448482e-04
 9.01876807e-01 1.77178998e-02 8.88662355e-04]",0.9018768,0.0011151029029861093,0.0001120760862249881,0.07762495428323746,0.0006644484819844365,0.9018768072128296,0.01771789975464344,0.000888662354554981
mel,"[4.54566412e-04 1.85995770e-04 6.84721023e-03 2.44157593e-04
 9.85806048e-01 6.22932380e-03 2.32691033e-04]",0.98580605,0.0004545664123725146,0.00018599577015265822,0.006847210228443146,0.0002441575925331563,0.9858060479164124,0.006229323800653219,0.00023269103257916868
mel,"[4.57603252e-03 3.06035555e-03 5.88549476e-04 3.93348886e-03
 9.74584579e-01 2.82832771e-03 1.04285832e-02]",0.9745846,0.004576032515615225,0.0030603555496782064,0.0005885494756512344,0.003933488857001066,0.9745845794677734,0.0028283277060836554,0.01042858324944973
akiec,"[5.61630905e-01 1.76943396e-03 5.65399453e-02 2.44414620e-03
 2.30430499e-01 1.47105619e-01 7.94529842e-05]",0.5616309,0.56163090467453,0.0017694339621812105,0.05653994530439377,0.0024441462010145187,0.2304304987192154,0.1471056193113327,7.945298420963809e-05
nv,"[4.92045583e-05 1.13270944e-04 1.10835559e-03 1.56273818e-04
 5.36741398e-04 9.97990608e-01 4.54852561e-05]",0.9979906,4.920455830870196e-05,0.0001132709439843893,0.001108355587348342,0.00015627381799276918,0.0005367413978092372,0.997990608215332,4.548525612335652e-05
nv,"[2.91081560e-05 4.34794492e-05 4.16593160e-04 1.84023957e-04
 4.03611368e-04 9.98861194e-01 6.20247156e-05]",0.9988612,2.9108156013535336e-05,4.347944923210889e-05,0.00041659316048026085,0.00018402395653538406,0.0004036113678012043,0.9988611936569214,6.20247155893594e-05
nv,"[4.20164404e-04 1.25136541e-03 1.43557480e-02 4.72749234e-04
 1.50360361e-01 8.32230449e-01 9.09243186e-04]",0.83223045,0.00042016440420411527,0.0012513654073700309,0.01435574796050787,0.0004727492341771722,0.1503603607416153,0.8322304487228394,0.0009092431864701211
nv,"[8.60543732e-05 1.34992020e-04 1.26548402e-03 5.74300720e-05
 6.91339672e-02 9.28769410e-01 5.52655314e-04]",0.9287694,8.605437324149534e-05,0.0001349920203210786,0.0012654840247705579,5.743007204728201e-05,0.06913396716117859,0.9287694096565247,0.0005526553140953183
nv,"[1.10250730e-04 3.08404597e-05 1.27599295e-03 9.22860636e-05
 9.89571796e-04 9.97442126e-01 5.90054224e-05]",0.9974421,0.00011025073035852984,3.084045965806581e-05,0.0012759929522871971,9.228606359101832e-05,0.0009895717957988381,0.9974421262741089,5.900542237213813e-05
nv,"[4.30115397e-05 2.81009270e-05 9.42233659e-04 8.08417608e-05
 2.41864845e-03 9.96403217e-01 8.38577180e-05]",0.9964032,4.301153967389837e-05,2.810092701110989e-05,0.0009422336588613689,8.084176079137251e-05,0.002418648451566696,0.9964032173156738,8.385771798202768e-05
nv,"[1.19627948e-04 1.35108625e-04 2.73202229e-02 5.83388792e-05
 5.25432676e-02 9.19605255e-01 2.18248897e-04]",0.91960526,0.00011962794815190136,0.0001351086248178035,0.027320222929120064,5.83388791710604e-05,0.052543267607688904,0.9196052551269531,0.00021824889699928463
nv,"[3.46437882e-05 7.22283075e-05 4.46560793e-03 4.43265635e-05
 2.66838931e-02 9.68339145e-01 3.60147562e-04]",0.96833915,3.464378823991865e-05,7.222830754471943e-05,0.004465607926249504,4.432656351127662e-05,0.02668389305472374,0.9683391451835632,0.00036014756187796593
vasc,"[6.75516567e-05 2.27709781e-04 1.50446140e-04 8.06254538e-05
 3.43970081e-04 3.99997371e-04 9.98729765e-01]",0.99872977,6.755165668437257e-05,0.00022770978102926165,0.00015044613974168897,8.062545384746045e-05,0.00034397008130326867,0.00039999737055040896,0.9987297654151917
vasc,"[6.81460806e-05 2.56158441e-04 1.65414502e-04 9.90591579e-05
 3.52759613e-04 4.93612082e-04 9.98564780e-01]",0.9985648,6.814608059357852e-05,0.0002561584406066686,0.00016541450168006122,9.905915794661269e-05,0.000352759612724185,0.0004936120822094381,0.9985647797584534
vasc,"[1.11032634e-04 6.13869342e-04 2.45531002e-04 2.45207630e-04
 4.47367405e-04 8.98439786e-04 9.97438550e-01]",0.99743855,0.00011103263386758044,0.0006138693424873054,0.00024553100229240954,0.00024520762963220477,0.0004473674052860588,0.0008984397863969207,0.9974385499954224
vasc,"[8.79902946e-05 5.18312445e-04 1.26372470e-04 1.80626346e-04
 2.87742965e-04 5.67957992e-04 9.98231113e-01]",0.9982311,8.799029455985874e-05,0.0005183124449104071,0.00012637246982194483,0.0001806263462640345,0.00028774296515621245,0.0005679579917341471,0.9982311129570007
vasc,"[2.07517096e-05 1.71990076e-04 7.19098462e-05 2.25979908e-04
 1.89451428e-04 1.50301115e-04 9.99169588e-01]",0.9991696,2.0751709598698653e-05,0.00017199007561430335,7.190984615590423e-05,0.0002259799075545743,0.00018945142801385373,0.00015030111535452306,0.9991695880889893
vasc,"[5.99270134e-05 4.73228574e-04 1.55128306e-04 1.70168714e-04
 1.90675913e-04 5.76173770e-04 9.98374701e-01]",0.9983747,5.9927013353444636e-05,0.0004732285742647946,0.00015512830577790737,0.00017016871424857527,0.00019067591347265989,0.0005761737702414393,0.9983747005462646
vasc,"[6.91412279e-05 1.87783572e-03 1.02826871e-03 8.78161169e-04
 1.34519232e-03 1.44094869e-03 9.93360460e-01]",0.99336046,6.914122786838561e-05,0.0018778357189148664,0.0010282687144353986,0.0008781611686572433,0.00134519231505692,0.0014409486902877688,0.9933604598045349
vasc,"[6.01858956e-05 6.56681182e-03 1.15983980e-03 7.00531004e-04
 1.05893196e-04 5.03756863e-04 9.90902960e-01]",0.99090296,6.018589556333609e-05,0.006566811818629503,0.0011598397977650166,0.0007005310035310686,0.00010589319572318345,0.0005037568625994027,0.9909029603004456
vasc,"[1.07119442e-04 3.59019294e-04 4.67521895e-05 3.61561222e-04
 1.74205210e-02 3.42920219e-04 9.81362045e-01]",0.98136204,0.00010711944196373224,0.00035901929368264973,4.6752189518883824e-05,0.00036156122223474085,0.01742052100598812,0.0003429202188272029,0.9813620448112488
vasc,"[9.77984819e-05 6.30645838e-04 2.04376105e-04 1.72959684e-04
 2.98300234e-04 9.04372195e-04 9.97691631e-01]",0.99769163,9.779848187463358e-05,0.0006306458381004632,0.00020437610510271043,0.00017295968427788466,0.0002983002341352403,0.0009043721947818995,0.9976916313171387
vasc,"[2.31204031e-04 9.75673960e-04 5.94425015e-04 3.41124047e-04
 1.42855954e-03 1.72263582e-03 9.94706452e-01]",0.99470645,0.00023120403056964278,0.0009756739600561559,0.0005944250151515007,0.00034112404682673514,0.0014285595389083028,0.0017226358177140355,0.9947064518928528
